-- phpMyAdmin SQL Dump
-- version 4.9.2
-- https://www.phpmyadmin.net/
--
-- Host: 127.0.0.1
-- Generation Time: Jan 02, 2020 at 11:37 AM
-- Server version: 10.4.11-MariaDB
-- PHP Version: 7.4.1

SET SQL_MODE = "NO_AUTO_VALUE_ON_ZERO";
SET AUTOCOMMIT = 0;
START TRANSACTION;
SET time_zone = "+00:00";


/*!40101 SET @OLD_CHARACTER_SET_CLIENT=@@CHARACTER_SET_CLIENT */;
/*!40101 SET @OLD_CHARACTER_SET_RESULTS=@@CHARACTER_SET_RESULTS */;
/*!40101 SET @OLD_COLLATION_CONNECTION=@@COLLATION_CONNECTION */;
/*!40101 SET NAMES utf8mb4 */;

--
-- Database: `oasa`
--

-- --------------------------------------------------------

--
-- Table structure for table `buses`
--

CREATE TABLE `buses` (
  `id` varchar(5) NOT NULL,
  `start` varchar(100) NOT NULL,
  `end` varchar(100) NOT NULL
) ENGINE=InnoDB DEFAULT CHARSET=utf8mb4;

--
-- Dumping data for table `buses`
--

INSERT INTO `buses` (`id`, `start`, `end`) VALUES
('131', 'ΑΜΑΞ. ΑΓ. ΔΗΜΗΤΡΙΟΥ', 'ΣΤ. ΔΑΦΝΗΣ'),
('136', 'ΑΝΩ Ν. ΣΜΥΡΝΗ Β', 'ΣΤ. ΣΥΓΓΡΟΥ ΦΙΞ'),
('137', 'ΑΝΩ Ν. ΣΜΥΡΝΗ Α', 'ΣΤ. ΣΥΓΓΡΟΥ ΦΙΞ'),
('218', 'ΠΕΙΡΑΙΑΣ', 'ΣΤ. ΔΑΦΝΗ'),
('219', 'ΣΤ. ΚΑΛΛΙΘΕΑ', 'ΑΓ. ΔΗΜΗΤΡΙΟΣ'),
('224', 'ΚΑΙΣΑΡΙΑΝΗ', 'ΕΛ. ΒΕΝΙΖΕΛΟΥ'),
('250', 'ΠΑΝΕΠΙΣΤΗΜΙΟΥΠΟΛΗ', 'ΣΤ. ΕΥΑΓΓΕΛΙΣΜΟΥ'),
('E90', 'ΠΕΙΡΑΙΑΣ ', 'ΠΑΝΕΠΙΣΤΗΜΙΟΥΠΟΛΗ'),
('X93', 'ΠΕΙΡΑΙΑΣ ', 'ΑΕΡΟΛ. ΑΘΗΝΩΝ'),
('X95', 'ΣΥΝΤΑΓΜΑ', 'ΑΕΡΟΛ. ΑΘΗΝΩΝ');

-- --------------------------------------------------------

--
-- Table structure for table `bustimetable`
--

CREATE TABLE `bustimetable` (
  `id` varchar(5) COLLATE utf8mb4_unicode_ci NOT NULL,
  `time` varchar(100) COLLATE utf8mb4_unicode_ci NOT NULL,
  `day` varchar(100) COLLATE utf8mb4_unicode_ci NOT NULL
) ENGINE=InnoDB DEFAULT CHARSET=utf8mb4 COLLATE=utf8mb4_unicode_ci;

--
-- Dumping data for table `bustimetable`
--

INSERT INTO `bustimetable` (`id`, `time`, `day`) VALUES
('E90', '08:05', 'weekday'),
('E90', '11:45', 'weekday'),
('E90', '14:15', 'weekday'),
('E90', '17:15', 'weekday'),
('X93', '00:00', 'weekday'),
('X93', '00:20', 'weekday'),
('X93', '00:40', 'weekday'),
('X93', '01:00', 'weekday'),
('X93', '01:20', 'weekday'),
('X93', '01:45', 'weekday'),
('X93', '02:10', 'weekday'),
('X93', '02:35', 'weekday'),
('X93', '03:05', 'weekday'),
('X93', '03:30', 'weekday'),
('X93', '03:55', 'weekday'),
('X93', '04:20', 'weekday'),
('X93', '04:40', 'weekday'),
('X93', '05:00', 'weekday'),
('X93', '05:25', 'weekday'),
('X93', '05:40', 'weekday'),
('X93', '06:05', 'weekday'),
('X93', '06:35', 'weekday'),
('X93', '07:05', 'weekday'),
('X93', '07:35', 'weekday'),
('X93', '08:05', 'weekday'),
('X93', '08:25', 'weekday'),
('X93', '08:40', 'weekday'),
('X93', '09:05', 'weekday'),
('X93', '09:35', 'weekday'),
('X93', '09:55', 'weekday'),
('X93', '10:15', 'weekday'),
('X93', '10:40', 'weekday'),
('X93', '11:00', 'weekday'),
('X93', '11:20', 'weekday'),
('X93', '11:40', 'weekday'),
('X93', '12:00', 'weekday'),
('X93', '12:25', 'weekday'),
('X93', '12:50', 'weekday'),
('X93', '13:20', 'weekday'),
('X93', '13:40', 'weekday'),
('X93', '13:55', 'weekday'),
('X93', '14:20', 'weekday'),
('X93', '14:35', 'weekday'),
('X93', '14:50', 'weekday'),
('X93', '15:05', 'weekday'),
('X93', '15:30', 'weekday'),
('X93', '14:10', 'weekday'),
('X93', '14:30', 'weekday'),
('X93', '14:50', 'weekday'),
('X93', '15:05', 'weekday'),
('X93', '15:25', 'weekday'),
('X93', '15:40', 'weekday'),
('X93', '16:00', 'weekday'),
('X93', '16:15', 'weekday'),
('X93', '16:35', 'weekday'),
('X93', '16:50', 'weekday'),
('X93', '17:05', 'weekday'),
('X93', '17:20', 'weekday'),
('X93', '17:35', 'weekday'),
('X93', '17:50', 'weekday'),
('X93', '18:10', 'weekday'),
('X93', '18:40', 'weekday'),
('X93', '19:05', 'weekday'),
('X93', '19:20', 'weekday'),
('X93', '19:35', 'weekday'),
('X93', '19:50', 'weekday'),
('X93', '20:10', 'weekday'),
('X93', '20:25', 'weekday'),
('X93', '20:40', 'weekday'),
('X93', '21:00', 'weekday'),
('X93', '21:30', 'weekday'),
('X93', '22:00', 'weekday'),
('X93', '22:30', 'weekday'),
('X93', '23:00', 'weekday'),
('X93', '23:35', 'weekday'),
('131', '05:40', 'weekday'),
('131', '06:05', 'weekday'),
('131', '06:35', 'weekday'),
('131', '07:05', 'weekday'),
('131', '07:35', 'weekday'),
('131', '08:05', 'weekday'),
('131', '08:25', 'weekday'),
('131', '08:40', 'weekday'),
('131', '09:05', 'weekday'),
('131', '09:35', 'weekday'),
('131', '09:55', 'weekday'),
('131', '10:15', 'weekday'),
('131', '10:40', 'weekday'),
('131', '11:00', 'weekday'),
('131', '11:20', 'weekday'),
('131', '11:40', 'weekday'),
('131', '12:00', 'weekday'),
('131', '12:25', 'weekday'),
('131', '12:50', 'weekday'),
('131', '13:20', 'weekday'),
('131', '13:40', 'weekday'),
('131', '13:55', 'weekday'),
('131', '14:20', 'weekday'),
('131', '14:35', 'weekday'),
('131', '14:50', 'weekday'),
('131', '15:05', 'weekday'),
('131', '15:30', 'weekday'),
('131', '14:10', 'weekday'),
('131', '14:30', 'weekday'),
('131', '14:50', 'weekday'),
('131', '15:05', 'weekday'),
('131', '15:25', 'weekday'),
('131', '15:40', 'weekday'),
('131', '16:00', 'weekday'),
('131', '16:15', 'weekday'),
('131', '16:35', 'weekday'),
('131', '16:50', 'weekday'),
('131', '17:05', 'weekday'),
('131', '17:20', 'weekday'),
('131', '17:35', 'weekday'),
('131', '17:50', 'weekday'),
('131', '18:10', 'weekday'),
('131', '18:40', 'weekday'),
('131', '19:05', 'weekday'),
('131', '19:20', 'weekday'),
('131', '19:35', 'weekday'),
('131', '19:50', 'weekday'),
('131', '20:10', 'weekday'),
('131', '20:25', 'weekday'),
('131', '20:40', 'weekday'),
('131', '21:00', 'weekday'),
('131', '21:30', 'weekday'),
('131', '22:00', 'weekday'),
('131', '22:30', 'weekday'),
('131', '23:00', 'weekday'),
('131', '23:35', 'weekday'),
('137', '05:40', 'weekday'),
('137', '06:05', 'weekday'),
('137', '06:35', 'weekday'),
('137', '07:05', 'weekday'),
('137', '07:35', 'weekday'),
('137', '08:05', 'weekday'),
('137', '08:25', 'weekday'),
('137', '08:40', 'weekday'),
('137', '09:05', 'weekday'),
('137', '09:35', 'weekday'),
('137', '09:55', 'weekday'),
('137', '10:15', 'weekday'),
('137', '10:40', 'weekday'),
('137', '11:00', 'weekday'),
('137', '11:20', 'weekday'),
('137', '11:40', 'weekday'),
('137', '12:00', 'weekday'),
('137', '12:25', 'weekday'),
('137', '12:50', 'weekday'),
('137', '13:20', 'weekday'),
('137', '13:40', 'weekday'),
('137', '13:55', 'weekday'),
('137', '14:20', 'weekday'),
('137', '14:35', 'weekday'),
('137', '14:50', 'weekday'),
('137', '15:05', 'weekday'),
('137', '15:30', 'weekday'),
('137', '14:10', 'weekday'),
('137', '14:30', 'weekday'),
('137', '14:50', 'weekday'),
('137', '15:05', 'weekday'),
('137', '15:25', 'weekday'),
('137', '15:40', 'weekday'),
('137', '16:00', 'weekday'),
('137', '16:15', 'weekday'),
('137', '16:35', 'weekday'),
('137', '16:50', 'weekday'),
('137', '17:05', 'weekday'),
('137', '17:20', 'weekday'),
('137', '17:35', 'weekday'),
('137', '17:50', 'weekday'),
('137', '18:10', 'weekday'),
('137', '18:40', 'weekday'),
('137', '19:05', 'weekday'),
('137', '19:20', 'weekday'),
('137', '19:35', 'weekday'),
('137', '19:50', 'weekday'),
('137', '20:10', 'weekday'),
('137', '20:25', 'weekday'),
('137', '20:40', 'weekday'),
('137', '21:00', 'weekday'),
('137', '21:30', 'weekday'),
('137', '22:00', 'weekday'),
('137', '22:30', 'weekday'),
('137', '23:00', 'weekday'),
('137', '23:35', 'weekday'),
('136', '05:40', 'weekday'),
('136', '06:05', 'weekday'),
('136', '06:35', 'weekday'),
('136', '07:05', 'weekday'),
('136', '07:35', 'weekday'),
('136', '08:05', 'weekday'),
('136', '08:25', 'weekday'),
('136', '08:40', 'weekday'),
('136', '09:05', 'weekday'),
('136', '09:35', 'weekday'),
('136', '09:55', 'weekday'),
('136', '10:15', 'weekday'),
('136', '10:40', 'weekday'),
('136', '11:00', 'weekday'),
('136', '11:20', 'weekday'),
('136', '11:40', 'weekday'),
('136', '12:00', 'weekday'),
('136', '12:25', 'weekday'),
('136', '12:50', 'weekday'),
('136', '13:20', 'weekday'),
('136', '13:40', 'weekday'),
('136', '13:55', 'weekday'),
('136', '14:20', 'weekday'),
('136', '14:35', 'weekday'),
('136', '14:50', 'weekday'),
('136', '15:05', 'weekday'),
('136', '15:30', 'weekday'),
('136', '14:10', 'weekday'),
('136', '14:30', 'weekday'),
('136', '14:50', 'weekday'),
('136', '15:05', 'weekday'),
('136', '15:25', 'weekday'),
('136', '15:40', 'weekday'),
('136', '16:00', 'weekday'),
('136', '16:15', 'weekday'),
('136', '16:35', 'weekday'),
('136', '16:50', 'weekday'),
('136', '17:05', 'weekday'),
('136', '17:20', 'weekday'),
('136', '17:35', 'weekday'),
('136', '17:50', 'weekday'),
('136', '18:10', 'weekday'),
('136', '18:40', 'weekday'),
('136', '19:05', 'weekday'),
('136', '19:20', 'weekday'),
('136', '19:35', 'weekday'),
('136', '19:50', 'weekday'),
('136', '20:10', 'weekday'),
('136', '20:25', 'weekday'),
('136', '20:40', 'weekday'),
('136', '21:00', 'weekday'),
('136', '21:30', 'weekday'),
('136', '22:00', 'weekday'),
('136', '22:30', 'weekday'),
('136', '23:00', 'weekday'),
('136', '23:35', 'weekday'),
('218', '05:40', 'weekday'),
('218', '06:05', 'weekday'),
('218', '06:35', 'weekday'),
('218', '07:05', 'weekday'),
('218', '07:35', 'weekday'),
('218', '08:05', 'weekday'),
('218', '08:25', 'weekday'),
('218', '08:40', 'weekday'),
('218', '09:05', 'weekday'),
('218', '09:35', 'weekday'),
('218', '09:55', 'weekday'),
('218', '10:15', 'weekday'),
('218', '10:40', 'weekday'),
('218', '11:00', 'weekday'),
('218', '11:20', 'weekday'),
('218', '11:40', 'weekday'),
('218', '12:00', 'weekday'),
('218', '12:25', 'weekday'),
('218', '12:50', 'weekday'),
('218', '13:20', 'weekday'),
('218', '13:40', 'weekday'),
('218', '13:55', 'weekday'),
('218', '14:20', 'weekday'),
('218', '14:35', 'weekday'),
('218', '14:50', 'weekday'),
('218', '15:05', 'weekday'),
('218', '15:30', 'weekday'),
('218', '14:10', 'weekday'),
('218', '14:30', 'weekday'),
('218', '14:50', 'weekday'),
('218', '15:05', 'weekday'),
('218', '15:25', 'weekday'),
('218', '15:40', 'weekday'),
('218', '16:00', 'weekday'),
('218', '16:15', 'weekday'),
('218', '16:35', 'weekday'),
('218', '16:50', 'weekday'),
('218', '17:05', 'weekday'),
('218', '17:20', 'weekday'),
('218', '17:35', 'weekday'),
('218', '17:50', 'weekday'),
('218', '18:10', 'weekday'),
('218', '18:40', 'weekday'),
('218', '19:05', 'weekday'),
('218', '19:20', 'weekday'),
('218', '19:35', 'weekday'),
('218', '19:50', 'weekday'),
('218', '20:10', 'weekday'),
('218', '20:25', 'weekday'),
('218', '20:40', 'weekday'),
('218', '21:00', 'weekday'),
('218', '21:30', 'weekday'),
('218', '22:00', 'weekday'),
('218', '22:30', 'weekday'),
('218', '23:00', 'weekday'),
('218', '23:35', 'weekday'),
('250', '05:40', 'weekday'),
('250', '06:05', 'weekday'),
('250', '06:35', 'weekday'),
('250', '07:05', 'weekday'),
('250', '07:35', 'weekday'),
('250', '08:05', 'weekday'),
('250', '08:25', 'weekday'),
('250', '08:40', 'weekday'),
('250', '09:05', 'weekday'),
('250', '09:35', 'weekday'),
('250', '09:55', 'weekday'),
('250', '10:15', 'weekday'),
('250', '10:40', 'weekday'),
('250', '11:00', 'weekday'),
('250', '11:20', 'weekday'),
('250', '11:40', 'weekday'),
('250', '12:00', 'weekday'),
('250', '12:25', 'weekday'),
('250', '12:50', 'weekday'),
('250', '13:20', 'weekday'),
('250', '13:40', 'weekday'),
('250', '13:55', 'weekday'),
('250', '14:20', 'weekday'),
('250', '14:35', 'weekday'),
('250', '14:50', 'weekday'),
('250', '15:05', 'weekday'),
('250', '15:30', 'weekday'),
('250', '14:10', 'weekday'),
('250', '14:30', 'weekday'),
('250', '14:50', 'weekday'),
('250', '15:05', 'weekday'),
('250', '15:25', 'weekday'),
('250', '15:40', 'weekday'),
('250', '16:00', 'weekday'),
('250', '16:15', 'weekday'),
('250', '16:35', 'weekday'),
('250', '16:50', 'weekday'),
('250', '17:05', 'weekday'),
('250', '17:20', 'weekday'),
('250', '17:35', 'weekday'),
('250', '17:50', 'weekday'),
('250', '18:10', 'weekday'),
('250', '18:40', 'weekday'),
('250', '19:05', 'weekday'),
('250', '19:20', 'weekday'),
('250', '19:35', 'weekday'),
('250', '19:50', 'weekday'),
('250', '20:10', 'weekday'),
('250', '20:25', 'weekday'),
('250', '20:40', 'weekday'),
('250', '21:00', 'weekday'),
('250', '21:30', 'weekday'),
('250', '22:00', 'weekday'),
('250', '22:30', 'weekday'),
('250', '23:00', 'weekday'),
('250', '23:35', 'weekday'),
('224', '05:40', 'weekday'),
('224', '06:05', 'weekday'),
('224', '06:35', 'weekday'),
('224', '07:05', 'weekday'),
('224', '07:35', 'weekday'),
('224', '08:05', 'weekday'),
('224', '08:25', 'weekday'),
('224', '08:40', 'weekday'),
('224', '09:05', 'weekday'),
('224', '09:35', 'weekday'),
('224', '09:55', 'weekday'),
('224', '10:15', 'weekday'),
('224', '10:40', 'weekday'),
('224', '11:00', 'weekday'),
('224', '11:20', 'weekday'),
('224', '11:40', 'weekday'),
('224', '12:00', 'weekday'),
('224', '12:25', 'weekday'),
('224', '12:50', 'weekday'),
('224', '13:20', 'weekday'),
('224', '13:40', 'weekday'),
('224', '13:55', 'weekday'),
('224', '14:20', 'weekday'),
('224', '14:35', 'weekday'),
('224', '14:50', 'weekday'),
('224', '15:05', 'weekday'),
('224', '15:30', 'weekday'),
('224', '14:10', 'weekday'),
('224', '14:30', 'weekday'),
('224', '14:50', 'weekday'),
('224', '15:05', 'weekday'),
('224', '15:25', 'weekday'),
('224', '15:40', 'weekday'),
('224', '16:00', 'weekday'),
('224', '16:15', 'weekday'),
('224', '16:35', 'weekday'),
('224', '16:50', 'weekday'),
('224', '17:05', 'weekday'),
('224', '17:20', 'weekday'),
('224', '17:35', 'weekday'),
('224', '17:50', 'weekday'),
('224', '18:10', 'weekday'),
('224', '18:40', 'weekday'),
('224', '19:05', 'weekday'),
('224', '19:20', 'weekday'),
('224', '19:35', 'weekday'),
('224', '19:50', 'weekday'),
('224', '20:10', 'weekday'),
('224', '20:25', 'weekday'),
('224', '20:40', 'weekday'),
('224', '21:00', 'weekday'),
('224', '21:30', 'weekday'),
('224', '22:00', 'weekday'),
('224', '22:30', 'weekday'),
('224', '23:00', 'weekday'),
('224', '23:35', 'weekday'),
('219', '05:40', 'weekday'),
('219', '06:05', 'weekday'),
('219', '06:35', 'weekday'),
('219', '07:05', 'weekday'),
('219', '07:35', 'weekday'),
('219', '08:05', 'weekday'),
('219', '08:25', 'weekday'),
('219', '08:40', 'weekday'),
('219', '09:05', 'weekday'),
('219', '09:35', 'weekday'),
('219', '09:55', 'weekday'),
('219', '10:15', 'weekday'),
('219', '10:40', 'weekday'),
('219', '11:00', 'weekday'),
('219', '11:20', 'weekday'),
('219', '11:40', 'weekday'),
('219', '12:00', 'weekday'),
('219', '12:25', 'weekday'),
('219', '12:50', 'weekday'),
('219', '13:20', 'weekday'),
('219', '13:40', 'weekday'),
('219', '13:55', 'weekday'),
('219', '14:20', 'weekday'),
('219', '14:35', 'weekday'),
('219', '14:50', 'weekday'),
('219', '15:05', 'weekday'),
('219', '15:30', 'weekday'),
('219', '14:10', 'weekday'),
('219', '14:30', 'weekday'),
('219', '14:50', 'weekday'),
('219', '15:05', 'weekday'),
('219', '15:25', 'weekday'),
('219', '15:40', 'weekday'),
('219', '16:00', 'weekday'),
('219', '16:15', 'weekday'),
('219', '16:35', 'weekday'),
('219', '16:50', 'weekday'),
('219', '17:05', 'weekday'),
('219', '17:20', 'weekday'),
('219', '17:35', 'weekday'),
('219', '17:50', 'weekday'),
('219', '18:10', 'weekday'),
('219', '18:40', 'weekday'),
('219', '19:05', 'weekday'),
('219', '19:20', 'weekday'),
('219', '19:35', 'weekday'),
('219', '19:50', 'weekday'),
('219', '20:10', 'weekday'),
('219', '20:25', 'weekday'),
('219', '20:40', 'weekday'),
('219', '21:00', 'weekday'),
('219', '21:30', 'weekday'),
('219', '22:00', 'weekday'),
('219', '22:30', 'weekday'),
('219', '23:00', 'weekday'),
('219', '23:35', 'weekday'),
('X95', '00:00', 'weekday'),
('X95', '00:20', 'weekday'),
('X95', '00:40', 'weekday'),
('X95', '01:00', 'weekday'),
('X95', '01:20', 'weekday'),
('X95', '01:45', 'weekday'),
('X95', '02:10', 'weekday'),
('X95', '02:35', 'weekday'),
('X95', '03:05', 'weekday'),
('X95', '03:30', 'weekday'),
('X95', '03:55', 'weekday'),
('X95', '04:20', 'weekday'),
('X95', '04:40', 'weekday'),
('X95', '05:00', 'weekday'),
('X95', '05:25', 'weekday'),
('X95', '05:40', 'weekday'),
('X95', '06:05', 'weekday'),
('X95', '06:35', 'weekday'),
('X95', '07:05', 'weekday'),
('X95', '07:35', 'weekday'),
('X95', '08:05', 'weekday'),
('X95', '08:25', 'weekday'),
('X95', '08:40', 'weekday'),
('X95', '09:05', 'weekday'),
('X95', '09:35', 'weekday'),
('X95', '09:55', 'weekday'),
('X95', '10:15', 'weekday'),
('X95', '10:40', 'weekday'),
('X95', '11:00', 'weekday'),
('X95', '11:20', 'weekday'),
('X95', '11:40', 'weekday'),
('X95', '12:00', 'weekday'),
('X95', '12:25', 'weekday'),
('X95', '12:50', 'weekday'),
('X95', '13:20', 'weekday'),
('X95', '13:40', 'weekday'),
('X95', '13:55', 'weekday'),
('X95', '14:20', 'weekday'),
('X95', '14:35', 'weekday'),
('X95', '14:50', 'weekday'),
('X95', '15:05', 'weekday'),
('X95', '15:30', 'weekday'),
('X95', '14:10', 'weekday'),
('X95', '14:30', 'weekday'),
('X95', '14:50', 'weekday'),
('X95', '15:05', 'weekday'),
('X95', '15:25', 'weekday'),
('X95', '15:40', 'weekday'),
('X95', '16:00', 'weekday'),
('X95', '16:15', 'weekday'),
('X95', '16:35', 'weekday'),
('X95', '16:50', 'weekday'),
('X95', '17:05', 'weekday'),
('X95', '17:20', 'weekday'),
('X95', '17:35', 'weekday'),
('X95', '17:50', 'weekday'),
('X95', '18:10', 'weekday'),
('X95', '18:40', 'weekday'),
('X95', '19:05', 'weekday'),
('X95', '19:20', 'weekday'),
('X95', '19:35', 'weekday'),
('X95', '19:50', 'weekday'),
('X95', '20:10', 'weekday'),
('X95', '20:25', 'weekday'),
('X95', '20:40', 'weekday'),
('X95', '21:00', 'weekday'),
('X95', '21:30', 'weekday'),
('X95', '22:00', 'weekday'),
('X95', '22:30', 'weekday'),
('X95', '23:00', 'weekday'),
('X95', '23:35', 'weekday');

-- --------------------------------------------------------

--
-- Table structure for table `stations`
--

CREATE TABLE `stations` (
  `station` varchar(200) NOT NULL
) ENGINE=InnoDB DEFAULT CHARSET=utf8mb4;

--
-- Dumping data for table `stations`
--

INSERT INTO `stations` (`station`) VALUES
('ΑΓ. ΔΗΜΗΤΡΙΟΣ'),
('ΑΕΡΟΛ. ΑΘΗΝΩΝ'),
('ΑΜΑΞ. ΑΓ. ΔΗΜΗΤΡΙΟΥ'),
('ΑΝΩ Ν. ΣΜΥΡΝΗ Α'),
('ΑΝΩ Ν. ΣΜΥΡΝΗ Β'),
('ΕΛ. ΒΕΝΙΖΕΛΟΥ'),
('ΚΑΙΣΑΡΙΑΝΗ'),
('ΠΑΝΕΠΙΣΤΗΜΙΟΥΠΟΛΗ'),
('ΠΕΙΡΑΙΑΣ'),
('ΣΤ. ΔΑΦΝΗΣ'),
('ΣΤ. ΕΥΑΓΓΕΛΙΣΜΟΥ'),
('ΣΤ. ΚΑΛΛΙΘΕΑ'),
('ΣΤ. ΣΥΓΓΡΟΥ ΦΙΞ'),
('ΣΥΝΤΑΓΜΑ');

-- --------------------------------------------------------

--
-- Table structure for table `users`
--

CREATE TABLE `users` (
  `email` varchar(200) NOT NULL,
  `password` varchar(200) NOT NULL,
  `name` varchar(200) CHARACTER SET utf8mb4 COLLATE utf8mb4_unicode_ci NOT NULL,
  `surname` varchar(200) CHARACTER SET utf8mb4 COLLATE utf8mb4_unicode_ci NOT NULL,
  `address` varchar(200) CHARACTER SET utf8mb4 COLLATE utf8mb4_unicode_ci NOT NULL
) ENGINE=InnoDB DEFAULT CHARSET=latin1;

--
-- Dumping data for table `users`
--

INSERT INTO `users` (`email`, `password`, `name`, `surname`, `address`) VALUES
('admin', 'admin', 'admin', 'admin', 'admin'),
('carolosjk@hotmail.com', '123456', 'Karolos', 'Giampouonka-Kanellakos', 'Adrianoupoleos 54, Nea Smirni'),
('sdi1600030@di.uoa.gr', '123456', 'Karolos', 'Giampouonka-Kanellakos', 'Adrianoupoleos 54');

--
-- Indexes for dumped tables
--

--
-- Indexes for table `buses`
--
ALTER TABLE `buses`
  ADD PRIMARY KEY (`id`);

--
-- Indexes for table `stations`
--
ALTER TABLE `stations`
  ADD PRIMARY KEY (`station`);

--
-- Indexes for table `users`
--
ALTER TABLE `users`
  ADD PRIMARY KEY (`email`);
COMMIT;

/*!40101 SET CHARACTER_SET_CLIENT=@OLD_CHARACTER_SET_CLIENT */;
/*!40101 SET CHARACTER_SET_RESULTS=@OLD_CHARACTER_SET_RESULTS */;
/*!40101 SET COLLATION_CONNECTION=@OLD_COLLATION_CONNECTION */;
